{
  "imdb": {
    "transformer": {
      "mean": 0.7366666666666667,
      "std": 0.003009245014211293,
      "values": [
        0.7325,
        0.738,
        0.7395
      ]
    },
    "lstm": {
      "mean": 0.7106666666666666,
      "std": 0.010880665829299644,
      "values": [
        0.6955,
        0.7205,
        0.716
      ]
    },
    "bow": {
      "mean": 0.6903333333333334,
      "std": 0.002494438257849247,
      "values": [
        0.691,
        0.687,
        0.693
      ]
    }
  },
  "cifar10": {
    "transformer": {
      "mean": 0.389,
      "std": 0.004966554808583784,
      "values": [
        0.396,
        0.386,
        0.385
      ]
    },
    "cnn": {
      "mean": 0.5423333333333334,
      "std": 0.0068475461947247185,
      "values": [
        0.538,
        0.537,
        0.552
      ]
    }
  },
  "attention_stats": {
    "imdb": {
      "mean_entropy": 4.633564715981484,
      "std_entropy": 0.2467759749621206,
      "mean_max_weight": 0.03534557421507617,
      "std_max_weight": 0.0418695126438255
    },
    "cifar10": {
      "mean_entropy": 2.536654464748195,
      "std_entropy": 0.3514944659804241,
      "mean_max_weight": 0.18927127219133955,
      "std_max_weight": 0.12156581748474428
    }
  }
}